{
  "key": "frz",
  "ceiling": 17999,
  "boundary": [
    [-77.1636405, 39.0037682],
    [-77.1672813, 38.7209114],
    [-76.8169712, 38.7189321],
    [-76.8176579, 39.006577],
    [-77.1636405, 39.0037682]
  ]
}
